time_s,height_cm,setpoint_cm,duty,error_cm
0.005531787872314453,46.69090509414673,20.0,0,-26.69090509414673
